YEAR,MO,DY,PS,WS10M,WS10M_MAX,WS10M_MIN,WS10M_RANGE,WD10M,WS50M,WS50M_MAX,WS50M_MIN,WS50M_RANGE,WD50M
2021,1,1,98.58,3.54,5.3,2.32,2.98,287.25,5.58,7.23,3.39,3.84,288.31
2021,1,2,98.82,3.2,4.85,1.63,3.22,231.75,4.59,7.06,2.77,4.3,233.06
2021,1,3,99.35,2.17,2.84,1.32,1.52,46.69,3.05,4.41,1.94,2.47,118.31
2021,1,4,99.56,1.99,3.06,0.62,2.44,225.31,2.95,5.2,0.76,4.45,225.81
2021,1,5,99.1,2.28,3.65,0.58,3.07,282.31,3.56,6.41,0.71,5.69,283.06
2021,1,6,98.54,2.66,4.51,0.24,4.27,167.12,3.94,6.59,0.44,6.14,211.62
2021,1,7,97.76,6.6,12.15,1.52,10.62,253.19,9.41,15.8,2.26,13.54,254.62
2021,1,8,97.97,3.76,6.16,2.16,4.0,270.25,5.88,7.86,3.41,4.45,271.75
2021,1,9,98.08,4.12,6.59,1.88,4.7,266.0,6.23,8.1,3.03,5.07,267.0
2021,1,10,98.75,2.51,3.87,0.26,3.61,205.5,3.7,5.82,0.26,5.55,219.19
2021,1,11,99.32,3.15,4.8,2.27,2.54,208.25,4.92,7.25,3.2,4.05,222.62
2021,1,12,98.67,2.01,3.28,0.77,2.52,336.56,2.99,5.07,0.77,4.3,333.06
2021,1,13,98.64,2.37,3.48,0.75,2.73,231.94,3.38,5.95,0.88,5.08,246.12
2021,1,14,99.01,2.88,4.23,1.1,3.13,186.94,4.52,7.32,1.5,5.82,187.25
2021,1,15,99.41,2.88,4.38,1.76,2.62,84.44,4.35,6.54,2.41,4.12,84.94
2021,1,16,98.46,4.95,9.44,2.45,6.98,270.62,7.56,12.29,4.0,8.29,271.5
2021,1,17,98.64,2.16,3.25,0.67,2.58,85.69,3.32,5.73,0.4,5.34,83.12
2021,1,18,98.53,2.91,5.81,0.88,4.94,182.81,4.7,9.48,1.2,8.28,183.56
2021,1,19,98.94,6.1,8.47,3.87,4.6,316.56,9.16,11.4,7.3,4.11,315.81
2021,1,20,100.01,3.7,6.45,1.55,4.9,177.56,5.31,7.89,2.3,5.59,190.81
2021,1,21,99.63,1.82,3.33,0.29,3.04,281.62,2.69,4.3,0.7,3.6,282.69
2021,1,22,99.01,2.63,4.45,1.82,2.62,168.75,4.03,7.22,2.04,5.19,168.44
2021,1,23,99.29,6.01,7.66,4.02,3.64,68.94,7.52,9.13,6.22,2.91,55.75
2021,1,24,99.16,6.92,8.43,4.89,3.54,348.5,8.99,9.95,7.83,2.12,350.56
2021,1,25,99.7,3.52,4.72,2.42,2.29,194.94,5.33,7.25,3.65,3.6,165.5
2021,1,26,99.56,1.95,3.48,0.34,3.13,211.44,2.85,5.56,0.21,5.35,212.06
2021,1,27,98.53,5.24,7.77,2.07,5.69,286.0,8.15,10.88,3.0,7.88,285.5
2021,1,28,98.48,4.57,6.64,2.15,4.49,95.12,6.35,7.91,3.64,4.27,96.75
2021,1,29,97.69,4.98,6.98,2.48,4.5,282.38,7.84,10.8,4.29,6.51,283.19
2021,1,30,98.94,3.3,5.91,0.88,5.03,270.0,5.08,7.81,1.27,6.54,268.75
2021,1,31,99.67,3.9,5.33,2.15,3.17,194.25,5.76,7.59,3.2,4.39,193.56
2021,2,1,99.48,4.17,8.25,1.35,6.9,220.0,6.21,12.52,1.75,10.76,220.38
2021,2,2,98.08,5.26,10.76,1.61,9.15,279.38,7.67,14.79,2.39,12.4,280.56
2021,2,3,98.73,2.65,4.37,1.24,3.12,277.12,3.83,5.28,1.78,3.51,261.75
2021,2,4,98.69,5.12,9.78,2.5,7.27,269.56,7.62,12.37,3.77,8.6,271.06
2021,2,5,99.03,2.53,3.91,1.16,2.76,259.56,3.7,5.48,1.37,4.12,261.0
2021,2,6,98.55,2.3,3.55,0.52,3.02,266.06,3.46,6.16,0.66,5.5,268.5
2021,2,7,98.3,2.72,4.03,2.08,1.95,294.69,4.23,6.0,2.76,3.24,295.94
2021,2,8,98.33,3.43,4.93,1.38,3.55,191.38,5.0,8.27,2.05,6.2,219.0
2021,2,9,98.94,3.96,6.35,1.91,4.45,327.19,5.99,8.6,3.02,5.58,325.56
2021,2,10,98.99,2.4,3.42,0.42,3.0,274.38,3.41,4.51,0.57,3.94,275.25
2021,2,11,99.14,4.46,7.27,2.66,4.61,286.81,6.52,9.05,3.92,5.12,286.19
2021,2,12,99.85,2.06,2.78,0.66,2.12,113.75,2.95,4.41,0.43,3.98,113.69
2021,2,13,99.91,3.28,5.07,1.84,3.23,235.06,5.02,6.88,2.13,4.74,235.88
2021,2,14,99.3,4.07,6.54,2.42,4.12,222.0,6.31,8.3,2.98,5.31,222.56
2021,2,15,96.95,6.59,12.2,3.06,9.14,197.75,10.16,16.04,6.34,9.7,198.81
2021,2,16,97.35,6.73,9.19,4.81,4.38,263.88,10.45,13.66,8.62,5.05,265.5
2021,2,17,97.19,7.99,11.28,5.92,5.36,251.75,11.49,14.09,9.32,4.76,253.38
2021,2,18,97.74,3.59,5.84,2.35,3.49,292.06,5.56,9.48,3.81,5.66,293.25
2021,2,19,98.48,3.42,4.51,1.96,2.55,256.38,5.31,8.16,2.48,5.68,258.25
2021,2,20,98.14,5.68,9.24,2.94,6.3,238.88,8.53,11.55,4.5,7.05,240.75
2021,2,21,98.39,3.57,4.09,2.96,1.13,246.75,5.64,7.53,4.01,3.52,248.38
2021,2,22,98.23,4.19,6.2,2.87,3.34,240.88,6.41,9.66,3.2,6.45,242.25
2021,2,23,98.29,5.8,7.73,3.27,4.45,323.62,8.2,10.58,5.63,4.95,322.25
2021,2,24,99.13,4.92,7.02,3.27,3.74,265.56,7.39,8.88,5.98,2.91,278.75
2021,2,25,99.48,3.17,4.62,0.6,4.02,191.81,4.77,6.51,0.25,6.26,203.31
2021,2,26,99.24,3.79,5.51,2.8,2.7,220.25,5.74,8.45,3.65,4.8,219.5
2021,2,27,99.8,6.94,11.05,3.0,8.05,60.38,9.46,13.34,5.27,8.07,59.81
2021,2,28,100.44,2.64,3.23,0.93,2.3,215.25,3.88,5.45,0.9,4.55,216.81
2021,3,1,99.65,4.16,6.85,2.37,4.48,212.19,6.41,8.64,3.34,5.3,212.38
2021,3,2,98.17,9.42,13.96,4.43,9.52,240.19,12.77,17.74,8.03,9.71,240.75
2021,3,3,99.69,6.47,10.12,2.51,7.62,176.19,8.73,12.13,4.42,7.7,175.31
2021,3,4,100.29,2.34,3.49,0.65,2.84,153.06,3.26,4.58,0.6,3.98,154.94
2021,3,5,99.57,1.62,2.72,0.88,1.84,122.12,2.23,3.13,1.05,2.08,124.56
2021,3,6,99.05,4.95,8.57,2.0,6.57,148.75,6.92,11.22,3.64,7.58,148.12
2021,3,7,99.79,4.3,6.77,1.95,4.81,55.0,5.51,8.27,3.02,5.26,54.56
2021,3,8,99.63,3.52,4.66,2.16,2.51,171.81,4.87,6.3,3.95,2.34,171.88
2021,3,9,99.58,3.02,4.88,1.3,3.58,206.81,4.3,7.03,1.23,5.8,163.56
2021,3,10,99.24,5.58,8.55,2.56,5.99,228.31,7.79,10.62,3.91,6.71,227.31
2021,3,11,99.89,2.87,5.11,0.8,4.31,123.12,4.16,6.66,0.53,6.14,126.81
2021,3,12,99.59,2.14,3.39,0.3,3.09,215.94,3.0,4.59,0.46,4.12,216.0
2021,3,13,98.05,5.33,7.92,1.87,6.05,148.38,7.55,10.71,3.04,7.66,150.62
2021,3,14,98.06,6.2,8.78,3.84,4.95,320.19,9.27,11.3,7.48,3.83,319.56
2021,3,15,98.65,3.84,6.3,1.4,4.9,259.81,5.75,8.05,1.9,6.14,258.75
2021,3,16,98.24,4.98,10.13,1.07,9.06,228.62,6.96,12.71,1.55,11.16,230.88
2021,3,17,98.49,4.15,5.65,2.9,2.75,99.5,6.2,8.99,4.28,4.72,127.25
2021,3,18,99.02,2.97,5.42,0.86,4.56,143.38,4.2,6.64,1.34,5.3,160.38
2021,3,19,99.19,3.62,5.15,2.12,3.03,134.31,5.14,6.23,3.7,2.53,133.56
2021,3,20,99.18,3.08,4.52,1.7,2.83,107.56,4.8,7.52,1.93,5.59,109.25
2021,3,21,97.91,8.84,13.7,2.14,11.56,198.75,12.04,17.38,3.92,13.45,199.88
2021,3,22,98.09,4.83,7.43,2.8,4.63,206.44,6.55,9.46,5.04,4.42,205.19
2021,3,23,99.22,2.66,4.67,0.38,4.3,218.06,3.9,6.54,0.4,6.15,264.56
2021,3,24,99.56,4.58,7.48,1.79,5.69,217.44,6.41,9.24,2.55,6.7,218.69
2021,3,25,99.09,3.74,4.98,2.23,2.75,232.94,6.01,7.97,3.66,4.31,233.56
2021,3,26,98.79,4.3,8.74,1.96,6.78,316.25,6.63,11.09,2.63,8.47,317.75
2021,3,27,99.42,3.14,4.49,1.27,3.23,189.88,4.73,7.32,1.08,6.24,191.38
2021,3,28,98.68,7.23,9.89,3.88,6.02,187.5,10.36,12.73,7.75,4.98,188.31
2021,3,29,97.58,4.05,10.53,0.36,10.17,228.81,5.78,14.34,0.77,13.58,232.12
2021,3,30,98.1,2.57,3.27,1.63,1.64,93.31,3.66,5.75,1.72,4.03,93.38
2021,3,31,98.43,3.63,6.57,1.11,5.46,147.44,5.2,7.93,1.76,6.17,146.31
2021,4,1,99.26,2.64,3.94,0.91,3.02,74.25,3.83,5.89,0.76,5.14,74.75
2021,4,2,99.9,3.88,4.93,2.33,2.61,63.88,5.41,6.42,3.62,2.79,64.56
2021,4,3,99.45,2.79,4.38,1.44,2.95,132.5,3.88,6.16,2.02,4.14,134.06
2021,4,4,98.43,5.86,8.34,3.53,4.8,205.44,8.37,10.34,6.53,3.8,206.25
2021,4,5,98.33,6.21,8.54,2.55,5.98,150.19,8.28,10.45,4.58,5.87,150.0
2021,4,6,99.05,4.81,6.67,2.27,4.41,66.25,6.6,8.67,4.28,4.4,51.62
2021,4,7,98.6,2.41,3.95,0.66,3.29,219.69,3.43,5.35,0.13,5.22,238.25
2021,4,8,98.58,3.37,5.37,1.3,4.07,173.56,4.93,7.28,0.91,6.37,159.81
2021,4,9,99.14,4.48,8.14,0.73,7.41,121.44,5.95,10.2,0.76,9.44,133.5
2021,4,10,100.12,3.74,6.16,2.45,3.7,128.19,5.16,8.27,2.44,5.83,110.69
2021,4,11,100.5,2.54,3.44,1.75,1.69,124.88,3.44,5.26,1.62,3.63,123.88
2021,4,12,100.31,2.9,5.38,0.54,4.84,157.62,3.96,6.84,0.66,6.18,158.94
2021,4,13,99.08,6.09,9.97,2.95,7.02,188.81,8.62,12.45,5.05,7.41,189.38
2021,4,14,97.91,6.34,8.8,0.66,8.14,130.12,8.38,10.88,1.2,9.68,130.19
2021,4,15,99.27,3.97,6.22,2.02,4.2,70.38,5.33,7.99,2.55,5.44,68.81
2021,4,16,99.77,2.96,5.06,1.59,3.48,115.81,4.21,6.1,1.66,4.44,117.38
2021,4,17,98.85,4.33,6.47,1.22,5.25,160.31,6.52,8.33,2.47,5.86,161.0
2021,4,18,97.37,6.13,9.18,1.56,7.62,262.62,9.04,11.25,2.95,8.31,264.19
2021,4,19,98.31,3.25,5.7,0.5,5.2,264.62,4.89,7.58,1.06,6.52,266.19
2021,4,20,98.73,2.62,3.73,1.35,2.38,257.56,3.52,6.66,2.23,4.43,260.94
2021,4,21,99.13,3.23,5.59,0.75,4.85,216.12,4.84,8.96,1.21,7.75,227.69
2021,4,22,99.16,4.91,7.39,3.01,4.38,275.75,7.41,9.95,5.12,4.84,275.12
2021,4,23,99.42,3.83,5.37,1.84,3.53,69.56,4.96,6.77,2.62,4.13,67.81
2021,4,24,99.22,2.49,3.6,0.66,2.94,167.81,3.63,7.12,0.8,6.32,151.75
2021,4,25,98.51,3.51,8.38,0.73,7.66,189.81,5.2,11.47,0.86,10.62,184.5
2021,4,26,99.02,5.85,8.34,2.64,5.7,114.5,7.97,10.12,5.05,5.07,188.0
2021,4,27,99.49,4.11,7.07,1.34,5.73,151.5,5.77,9.8,1.34,8.46,155.19
2021,4,28,99.22,5.59,8.38,2.97,5.41,227.56,7.88,10.32,4.32,6.0,229.12
2021,4,29,98.16,8.04,10.4,4.06,6.34,196.25,11.09,14.07,7.59,6.48,197.5
2021,4,30,97.52,4.33,8.39,0.68,7.71,255.38,6.11,10.64,1.09,9.55,258.31
2021,5,1,97.78,6.28,14.16,1.4,12.76,140.25,8.13,19.07,1.45,17.62,142.69
2021,5,2,97.4,7.03,9.61,3.23,6.37,264.94,9.84,12.84,6.3,6.55,266.88
2021,5,3,98.57,3.59,5.55,2.29,3.27,287.12,5.39,9.3,3.09,6.22,289.69
2021,5,4,98.95,3.05,5.43,1.2,4.23,221.75,4.3,7.52,1.57,5.95,223.38
2021,5,5,98.88,7.67,10.73,3.79,6.95,216.06,10.66,13.67,6.94,6.73,217.0
2021,5,6,98.89,3.73,8.3,1.22,7.08,160.12,4.95,10.05,1.93,8.12,144.06
2021,5,7,98.56,2.2,4.0,0.17,3.83,220.75,3.07,6.77,0.21,6.56,219.0
2021,5,8,97.86,4.02,6.91,1.26,5.65,222.62,5.63,9.49,1.59,7.9,225.5
2021,5,9,97.63,5.89,7.57,2.87,4.7,219.06,8.23,10.33,5.1,5.23,221.25
2021,5,10,98.29,3.03,4.92,0.92,4.0,198.56,4.24,5.89,1.38,4.51,200.62
2021,5,11,98.76,2.14,3.11,1.45,1.66,67.69,2.98,5.28,1.78,3.5,67.06
2021,5,12,99.29,3.03,4.19,1.42,2.76,94.25,4.31,5.48,2.03,3.44,95.06
2021,5,13,98.88,3.61,5.39,1.29,4.11,54.19,4.84,6.5,1.8,4.7,56.0
2021,5,14,98.55,2.94,4.28,0.91,3.38,220.12,4.22,6.73,1.02,5.7,231.69
2021,5,15,99.03,3.86,6.7,0.45,6.23,156.69,5.23,8.07,0.86,7.22,158.25
2021,5,16,98.68,5.2,7.53,3.03,4.51,194.5,7.2,8.96,5.69,3.27,195.12
2021,5,17,97.77,9.11,12.54,5.38,7.16,215.81,11.88,15.68,7.97,7.71,217.56
2021,5,18,98.15,3.51,4.54,1.9,2.65,137.62,4.45,7.16,3.31,3.84,138.75
2021,5,19,98.4,2.36,4.02,1.01,3.02,114.44,3.13,4.89,0.83,4.06,99.56
2021,5,20,98.68,2.76,4.38,0.79,3.59,150.56,3.73,7.33,1.26,6.06,151.25
2021,5,21,97.87,9.22,12.27,4.27,8.0,209.62,12.25,15.67,6.74,8.94,211.56
2021,5,22,97.69,4.22,5.83,2.24,3.59,222.38,5.89,7.24,4.15,3.09,224.38
2021,5,23,98.02,2.96,5.45,0.39,5.05,169.88,3.92,6.0,0.63,5.37,188.0
2021,5,24,98.0,3.49,6.16,1.26,4.9,236.25,4.78,8.92,1.5,7.43,238.19
2021,5,25,97.56,4.85,8.16,0.73,7.43,216.12,6.76,10.05,0.62,9.43,230.12
2021,5,26,98.16,2.52,3.66,0.34,3.31,232.06,3.62,5.95,0.64,5.3,232.81
2021,5,27,97.85,3.08,6.94,0.32,6.62,201.25,4.09,8.35,0.43,7.92,187.88
2021,5,28,97.74,3.88,6.72,0.96,5.76,206.38,5.06,9.31,0.91,8.4,208.38
2021,5,29,97.48,6.21,7.55,2.31,5.24,222.5,8.52,9.45,3.81,5.64,224.75
2021,5,30,98.01,2.98,4.67,1.84,2.84,139.75,4.13,5.63,1.53,4.1,138.81
2021,5,31,98.53,3.18,5.48,2.15,3.33,124.25,4.58,6.59,2.98,3.62,125.75
2021,6,1,98.92,3.12,4.34,1.99,2.34,117.56,4.36,6.98,1.99,4.98,116.81
2021,6,2,99.12,3.29,4.52,2.23,2.28,189.88,4.7,5.45,3.75,1.7,190.94
2021,6,3,98.83,2.86,4.67,0.5,4.17,159.69,3.98,6.01,0.66,5.35,159.81
2021,6,4,97.52,7.62,12.85,1.3,11.55,168.69,10.3,16.52,2.59,13.94,169.0
2021,6,5,97.73,2.89,4.69,1.45,3.24,109.5,4.07,6.79,1.98,4.81,109.94
2021,6,6,98.22,1.89,3.07,0.02,3.05,196.81,3.09,5.96,0.29,5.67,209.81
2021,6,7,98.66,2.13,3.52,0.34,3.19,222.12,3.35,5.8,0.59,5.2,218.38
2021,6,8,98.6,2.23,4.82,0.84,3.99,157.31,3.44,6.77,0.77,6.0,152.25
2021,6,9,98.9,2.89,3.54,2.25,1.28,130.25,4.15,5.19,3.48,1.7,128.81
2021,6,10,99.21,2.28,3.05,1.23,1.81,157.81,3.09,5.38,1.22,4.16,141.12
2021,6,11,99.25,2.98,4.7,1.15,3.55,181.81,4.04,6.02,1.61,4.41,182.38
2021,6,12,99.0,4.34,6.77,2.29,4.48,198.25,5.94,8.14,4.21,3.93,200.12
2021,6,13,98.44,3.77,4.82,2.72,2.1,207.0,5.42,6.8,4.05,2.74,208.88
2021,6,14,98.07,2.49,4.34,1.34,3.02,174.69,3.7,6.73,1.31,5.42,176.25
2021,6,15,97.93,2.6,5.16,0.82,4.34,171.94,3.48,6.38,0.86,5.52,172.5
2021,6,16,98.05,2.76,4.15,1.8,2.35,133.5,4.0,4.98,3.34,1.64,133.62
2021,6,17,97.93,4.15,5.77,1.68,4.09,50.19,5.7,6.84,3.2,3.65,49.81
2021,6,18,97.82,3.06,5.45,0.59,4.86,141.75,4.35,6.41,0.47,5.95,143.62
2021,6,19,97.55,4.57,6.59,2.38,4.21,191.75,6.4,8.19,4.37,3.82,192.62
2021,6,20,97.24,3.66,7.5,0.25,7.24,57.81,4.9,9.02,0.59,8.41,57.0
2021,6,21,97.82,3.03,4.13,1.35,2.78,98.31,4.3,6.3,1.23,5.08,97.0
2021,6,22,98.13,2.6,3.88,1.48,2.4,159.56,3.59,5.23,2.05,3.18,159.44
2021,6,23,98.35,2.76,3.98,1.59,2.38,83.25,3.86,4.74,2.57,2.18,83.38
2021,6,24,98.49,3.54,5.68,2.11,3.57,146.69,5.02,6.79,3.1,3.69,148.06
2021,6,25,98.63,2.63,4.03,1.63,2.4,165.75,3.81,4.95,2.6,2.34,166.19
2021,6,26,98.65,2.12,3.73,1.03,2.7,134.06,2.77,4.74,1.44,3.3,132.81
2021,6,27,98.33,1.81,2.95,0.17,2.77,84.19,2.4,3.55,0.21,3.34,83.25
2021,6,28,97.95,2.42,3.72,1.66,2.05,104.62,3.45,4.66,2.23,2.43,103.38
2021,6,29,97.65,4.87,8.02,1.89,6.13,55.69,6.3,9.55,2.14,7.41,56.0
2021,6,30,98.55,2.89,5.43,1.49,3.94,90.25,3.85,7.19,2.07,5.12,90.31
2021,7,1,98.62,2.86,5.64,0.89,4.76,76.56,3.84,6.8,1.44,5.36,77.56
2021,7,2,98.39,4.66,7.38,0.87,6.52,191.25,6.18,10.19,1.61,8.57,192.31
2021,7,3,98.27,3.57,7.55,0.7,6.85,129.25,4.7,10.46,0.61,9.86,130.06
2021,7,4,98.73,1.96,2.77,1.09,1.69,97.25,2.53,3.3,2.05,1.24,98.06
2021,7,5,98.28,1.55,3.04,0.49,2.55,207.81,2.2,3.85,0.45,3.41,211.44
2021,7,6,98.25,2.23,3.15,0.54,2.61,209.25,3.21,5.65,0.74,4.91,241.69
2021,7,7,98.01,2.93,3.95,0.77,3.18,166.75,4.14,6.07,0.58,5.5,168.75
2021,7,8,98.07,3.29,4.55,1.33,3.23,73.88,4.29,6.32,2.34,3.98,74.56
2021,7,9,98.05,2.2,4.06,1.16,2.91,112.38,3.17,5.9,0.77,5.13,113.5
2021,7,10,98.14,2.29,3.93,0.5,3.42,242.56,3.48,5.31,0.68,4.63,245.75
2021,7,11,98.42,1.52,2.58,0.49,2.09,161.38,2.18,4.62,0.7,3.91,163.56
2021,7,12,98.47,1.7,2.62,0.53,2.09,187.56,2.38,4.09,0.74,3.35,189.56
2021,7,13,98.53,1.73,2.72,0.66,2.06,201.06,2.64,3.62,0.84,2.78,213.62
2021,7,14,98.94,2.34,3.16,1.66,1.5,86.94,3.4,4.44,2.59,1.84,86.81
2021,7,15,99.22,2.33,4.11,1.54,2.57,141.56,3.21,5.02,1.98,3.04,142.69
2021,7,16,99.32,1.96,3.27,0.3,2.97,187.38,2.65,4.22,0.51,3.71,188.88
2021,7,17,99.12,2.2,3.84,0.09,3.74,183.44,3.03,5.74,0.09,5.65,185.56
2021,7,18,98.9,3.75,5.77,2.29,3.48,210.0,5.15,7.02,3.66,3.36,212.0
2021,7,19,98.85,2.43,3.16,1.63,1.52,171.88,3.55,5.46,2.02,3.45,184.69
2021,7,20,98.88,2.21,3.17,1.23,1.95,193.88,3.15,5.19,1.18,4.01,193.5
2021,7,21,98.79,2.2,2.74,1.6,1.15,190.31,3.25,4.73,1.76,2.98,191.38
2021,7,22,98.63,2.64,3.98,1.7,2.28,193.0,3.83,5.84,1.86,3.99,193.94
2021,7,23,98.47,2.77,3.95,1.95,2.0,185.88,4.05,5.52,2.41,3.11,187.06
2021,7,24,98.46,2.31,3.72,1.45,2.27,162.81,3.2,4.66,1.54,3.12,162.38
2021,7,25,98.37,2.16,4.0,1.13,2.87,88.69,2.73,4.45,1.68,2.77,87.88
2021,7,26,97.86,3.2,4.94,1.28,3.66,84.38,4.45,5.7,2.24,3.46,82.69
2021,7,27,97.14,4.47,8.83,1.22,7.62,224.88,6.37,11.55,2.39,9.16,224.94
2021,7,28,97.34,3.65,6.34,0.87,5.46,201.75,4.88,8.11,1.09,7.02,203.38
2021,7,29,97.53,5.47,6.55,4.4,2.16,198.94,7.26,8.34,5.19,3.15,200.56
2021,7,30,97.54,3.08,4.52,1.59,2.93,172.25,4.55,7.29,2.84,4.45,173.44
2021,7,31,97.62,1.76,2.78,0.92,1.87,107.94,2.3,3.38,1.28,2.09,105.5
2021,8,1,97.69,3.5,5.7,1.59,4.12,207.62,4.92,7.1,2.4,4.7,209.12
2021,8,2,98.19,2.65,3.88,1.88,2.01,163.25,3.91,5.84,2.12,3.72,163.88
2021,8,3,98.62,4.87,6.7,2.8,3.9,179.75,6.88,8.07,5.55,2.52,180.81
2021,8,4,98.47,2.74,3.95,1.74,2.21,187.06,4.02,6.45,1.84,4.62,189.0
2021,8,5,98.18,1.92,3.11,0.5,2.61,152.06,2.43,3.52,0.65,2.88,150.56
2021,8,6,98.07,2.22,3.91,0.91,3.01,190.38,2.97,4.7,1.25,3.45,175.31
2021,8,7,97.92,2.98,4.66,1.57,3.09,87.69,4.07,6.83,2.59,4.23,88.25
2021,8,8,97.48,6.26,10.7,1.12,9.59,177.94,8.31,13.3,1.59,11.71,119.12
2021,8,9,97.28,10.8,14.55,3.57,10.98,201.38,14.21,19.24,5.89,13.35,203.31
2021,8,10,97.4,6.81,11.95,1.76,10.19,196.56,9.35,16.12,3.21,12.91,198.94
2021,8,11,98.43,2.0,3.7,0.46,3.23,156.31,3.04,5.04,0.51,4.53,169.94
2021,8,12,98.43,2.56,4.92,0.77,4.15,184.94,3.66,6.26,1.22,5.04,187.75
2021,8,13,98.27,4.98,10.01,3.42,6.59,204.88,6.73,13.95,4.13,9.81,206.56
2021,8,14,97.84,8.67,13.23,1.16,12.06,222.62,11.66,16.66,2.04,14.62,223.88
2021,8,15,98.39,3.62,8.1,1.02,7.09,109.12,4.63,9.77,1.13,8.64,106.81
2021,8,16,98.98,3.37,4.92,1.38,3.53,30.06,4.59,5.73,2.5,3.24,30.44
2021,8,17,98.82,3.53,6.8,1.27,5.53,131.56,4.8,9.8,2.0,7.8,133.25
2021,8,18,98.59,7.91,10.2,6.07,4.13,203.38,10.56,12.7,8.67,4.02,204.69
2021,8,19,98.94,5.88,7.63,4.33,3.31,211.62,8.08,9.53,6.25,3.28,212.56
2021,8,20,99.08,4.84,6.12,3.88,2.25,212.31,6.91,7.63,5.37,2.27,213.31
2021,8,21,98.86,4.27,5.41,3.09,2.33,215.25,6.12,7.7,4.41,3.28,216.81
2021,8,22,98.54,4.43,5.51,1.73,3.77,221.19,6.4,6.96,2.92,4.04,222.81
2021,8,23,98.35,2.15,4.15,0.84,3.31,124.88,3.09,5.0,1.12,3.87,124.56
2021,8,24,98.36,3.43,5.62,1.39,4.23,154.0,4.66,8.22,2.23,5.99,155.88
2021,8,25,98.26,3.59,5.41,1.62,3.8,230.44,5.07,8.09,2.48,5.62,232.19
2021,8,26,98.52,2.07,3.05,0.05,3.01,196.75,3.0,4.43,0.08,4.35,182.62
2021,8,27,98.53,2.66,4.14,0.97,3.17,118.75,3.84,4.83,1.59,3.23,118.12
2021,8,28,98.41,1.65,3.12,0.2,2.93,199.81,2.26,4.25,0.23,4.03,236.94
2021,8,29,98.59,3.34,4.64,1.45,3.2,86.44,4.73,6.34,2.38,3.96,86.19
2021,8,30,98.56,2.63,4.51,1.11,3.4,215.81,3.61,5.69,1.91,3.78,218.81
2021,8,31,98.68,2.75,3.91,1.64,2.27,98.19,4.03,6.43,2.09,4.34,97.81
2021,9,1,98.5,2.81,3.9,1.66,2.25,64.56,3.64,4.83,1.24,3.58,64.75
2021,9,2,98.17,4.08,6.47,1.47,5.01,56.12,5.2,8.01,2.13,5.88,56.81
2021,9,3,98.38,3.09,4.13,1.78,2.35,115.12,4.2,5.18,3.02,2.16,115.31
2021,9,4,98.61,3.48,5.94,1.48,4.45,103.0,4.57,7.73,1.51,6.23,73.06
2021,9,5,98.92,4.35,5.66,2.61,3.06,45.81,5.8,7.52,4.61,2.91,46.31
2021,9,6,98.93,4.6,5.93,2.63,3.3,33.0,6.17,7.59,4.62,2.98,33.0
2021,9,7,98.95,3.72,5.41,2.21,3.2,86.75,5.55,7.0,3.73,3.27,56.69
2021,9,8,98.73,2.81,5.6,0.62,4.98,154.88,3.96,6.62,0.58,6.05,157.31
2021,9,9,98.55,2.29,4.73,0.36,4.37,177.88,3.16,7.11,0.59,6.52,180.06
2021,9,10,98.65,2.73,4.02,1.55,2.47,211.75,4.2,6.55,1.45,5.09,212.25
2021,9,11,98.51,2.11,3.32,1.21,2.1,188.0,3.14,4.66,1.6,3.06,190.06
2021,9,12,98.5,2.12,3.62,0.2,3.42,276.19,3.37,6.01,0.46,5.55,275.12
2021,9,13,98.92,2.73,4.32,1.59,2.73,179.06,4.16,6.17,2.34,3.84,178.0
2021,9,14,99.06,1.91,2.92,1.3,1.62,117.69,2.8,3.81,1.86,1.95,119.44
2021,9,15,98.68,2.8,4.3,0.77,3.53,66.19,4.0,5.55,1.12,4.43,65.88
2021,9,16,98.93,3.84,5.17,2.1,3.07,43.69,5.57,6.19,4.16,2.02,44.69
2021,9,17,98.83,2.59,4.1,0.91,3.2,108.62,4.17,7.54,0.99,6.55,110.69
2021,9,18,98.06,6.06,9.61,0.27,9.33,183.25,8.38,12.2,0.8,11.4,184.5
2021,9,19,98.56,5.49,7.84,2.28,5.55,152.06,7.58,10.67,3.48,7.2,152.38
2021,9,20,99.0,3.44,4.66,2.45,2.2,106.25,5.04,5.84,4.05,1.8,106.19
2021,9,21,98.91,2.38,3.89,0.28,3.61,104.19,3.41,5.4,0.42,4.98,89.69
2021,9,22,98.46,4.11,6.98,0.32,6.65,225.31,5.58,9.82,0.52,9.3,224.5
2021,9,23,98.51,2.85,4.32,2.25,2.07,243.06,4.63,7.32,2.91,4.41,244.5
2021,9,24,99.1,2.05,3.19,0.85,2.34,193.31,3.17,5.82,0.65,5.18,190.0
2021,9,25,99.62,4.67,5.77,3.27,2.49,50.44,6.35,6.86,5.59,1.27,51.19
2021,9,26,99.47,3.12,3.96,2.05,1.91,45.12,4.64,5.55,3.48,2.07,45.94
2021,9,27,99.1,4.03,5.61,2.73,2.88,143.12,5.91,6.52,5.13,1.38,143.75
2021,9,28,99.0,3.45,4.85,2.25,2.61,36.5,5.02,6.0,3.97,2.03,37.12
2021,9,29,98.84,2.52,3.34,1.86,1.48,167.75,3.68,4.84,2.41,2.43,153.44
2021,9,30,98.34,1.91,3.09,0.84,2.24,144.31,2.73,4.36,1.23,3.12,145.06
2021,10,1,97.37,9.73,15.45,3.13,12.31,156.44,12.77,18.97,5.27,13.7,143.19
2021,10,2,98.19,3.02,4.86,1.24,3.62,281.38,4.93,6.88,1.78,5.09,282.12
2021,10,3,99.58,2.82,3.89,1.3,2.59,192.0,4.16,6.33,1.85,4.48,191.94
2021,10,4,99.79,3.95,5.84,2.16,3.68,209.62,5.91,7.6,3.37,4.23,210.75
2021,10,5,99.3,2.83,3.73,0.9,2.83,227.0,4.65,7.15,1.12,6.03,228.94
2021,10,6,99.02,3.95,6.41,2.27,4.14,154.5,5.62,7.73,4.2,3.53,153.56
2021,10,7,99.26,2.62,4.09,1.7,2.39,126.62,4.16,7.43,1.92,5.51,128.38
2021,10,8,99.34,2.98,3.79,1.8,1.99,210.62,4.96,7.39,2.09,5.3,212.62
2021,10,9,99.75,3.63,6.13,1.8,4.33,117.5,5.21,7.59,2.95,4.65,118.06
2021,10,10,99.71,2.8,4.23,1.2,3.02,165.44,4.4,6.05,1.37,4.68,167.19
2021,10,11,99.12,3.83,5.67,1.0,4.67,220.56,5.83,6.91,1.47,5.45,221.56
2021,10,12,99.54,4.3,5.86,1.77,4.09,35.19,5.84,7.19,3.0,4.18,35.38
2021,10,13,99.48,4.07,5.16,3.0,2.16,80.81,5.33,5.92,4.8,1.11,81.12
2021,10,14,99.08,2.49,3.54,1.05,2.49,76.62,3.55,5.32,0.86,4.45,75.81
2021,10,15,98.82,1.77,3.75,0.52,3.23,207.94,2.42,4.86,0.72,4.13,209.88
2021,10,16,98.59,3.52,6.24,0.25,5.99,175.56,4.98,7.6,0.36,7.24,176.62
2021,10,17,98.59,5.77,9.38,1.98,7.41,145.56,8.1,11.52,3.79,7.73,130.38
2021,10,18,99.5,4.42,6.55,2.65,3.91,38.88,6.47,7.86,5.21,2.65,38.81
2021,10,19,98.85,3.3,4.88,2.05,2.83,206.19,4.53,6.52,3.12,3.39,191.94
2021,10,20,98.09,4.94,7.11,1.42,5.69,317.56,7.33,10.08,2.46,7.62,317.06
2021,10,21,98.84,3.12,5.05,0.97,4.09,174.5,4.93,9.31,0.53,8.78,173.06
2021,10,22,98.8,4.79,6.18,3.72,2.46,44.12,6.31,7.23,5.23,1.99,45.06
2021,10,23,99.2,5.2,7.82,3.3,4.52,342.62,8.03,9.88,5.87,4.0,342.25
2021,10,24,99.84,2.32,3.21,1.25,1.97,187.06,3.34,5.57,1.02,4.56,184.62
2021,10,25,99.63,4.15,6.77,1.7,5.08,116.44,5.75,8.98,2.36,6.62,103.44
2021,10,26,98.69,5.0,8.38,1.41,6.97,195.5,6.48,10.46,1.98,8.48,180.25
2021,10,27,98.92,1.85,2.62,0.92,1.7,119.31,2.57,4.1,0.84,3.27,121.06
2021,10,28,98.86,3.88,5.38,2.33,3.05,132.31,6.23,9.38,4.13,5.24,146.56
2021,10,29,99.28,4.95,8.9,2.12,6.78,79.31,7.34,11.0,3.08,7.92,64.44
2021,10,30,99.75,2.23,3.32,0.14,3.18,254.31,3.32,4.66,0.39,4.27,253.88
2021,10,31,99.68,1.72,4.15,0.12,4.02,220.62,2.55,5.78,0.16,5.62,222.62
2021,11,1,99.3,2.23,3.26,0.78,2.48,188.75,3.28,5.15,1.02,4.12,202.88
2021,11,2,98.81,3.25,4.45,1.77,2.68,153.81,4.83,6.25,2.7,3.55,153.69
2021,11,3,98.56,2.71,4.4,1.13,3.27,185.44,4.48,6.43,1.54,4.89,198.5
2021,11,4,98.7,2.46,4.73,0.57,4.16,241.94,3.68,5.57,0.8,4.76,240.62
2021,11,5,99.0,2.86,4.65,1.26,3.39,166.56,4.27,5.62,1.73,3.88,165.25
2021,11,6,99.34,2.76,3.45,2.11,1.34,38.19,4.3,5.62,3.38,2.23,38.75
2021,11,7,99.59,3.41,4.21,2.77,1.44,155.38,5.34,6.45,4.52,1.94,141.38
2021,11,8,99.38,3.45,5.54,2.12,3.42,92.0,5.12,6.68,3.48,3.2,64.62
2021,11,9,97.91,3.77,7.22,1.62,5.59,180.5,5.73,9.27,2.97,6.3,181.44
2021,11,10,97.55,4.97,8.55,1.34,7.22,250.25,7.51,10.88,2.3,8.57,252.06
2021,11,11,97.86,4.8,7.13,3.4,3.73,235.44,7.52,9.26,5.91,3.35,236.75
2021,11,12,98.25,4.38,8.12,2.68,5.44,250.56,6.63,10.31,4.0,6.31,251.5
2021,11,13,98.95,2.5,3.57,0.7,2.88,218.06,3.65,5.85,0.75,5.09,231.5
2021,11,14,98.92,3.55,5.41,2.62,2.79,252.69,5.41,6.73,3.71,3.02,253.25
2021,11,15,98.97,2.59,3.81,0.53,3.28,257.19,4.01,6.41,0.25,6.16,271.31
2021,11,16,99.15,3.23,4.41,2.24,2.17,156.06,5.05,6.24,4.12,2.12,140.88
2021,11,17,99.35,2.58,3.55,1.6,1.95,56.06,3.92,5.55,2.09,3.47,55.62
2021,11,18,99.11,1.67,3.1,0.2,2.91,255.75,2.58,5.57,0.21,5.36,257.06
2021,11,19,98.88,2.02,3.6,0.35,3.24,280.44,3.09,6.09,0.45,5.64,281.0
2021,11,20,99.1,3.43,4.92,2.15,2.78,148.06,5.23,6.35,3.29,3.06,148.12
2021,11,21,99.37,1.66,3.23,0.76,2.48,172.44,2.4,4.64,1.03,3.62,174.38
2021,11,22,98.01,4.4,9.08,1.66,7.42,197.38,6.55,13.24,2.79,10.45,198.62
2021,11,23,97.8,3.52,4.49,2.4,2.09,285.06,5.91,8.31,2.97,5.34,285.81
2021,11,24,98.19,4.72,7.09,2.33,4.77,255.19,7.4,10.44,3.36,7.08,257.25
2021,11,25,98.44,3.96,5.14,2.88,2.27,247.56,6.45,9.76,4.23,5.52,249.0
2021,11,26,98.7,2.52,4.18,0.7,3.48,269.0,4.0,8.02,1.04,6.98,270.69
2021,11,27,99.38,4.91,7.01,3.1,3.91,321.62,7.97,9.06,5.71,3.35,321.38
2021,11,28,100.17,4.32,6.62,2.85,3.77,283.44,6.92,8.17,4.58,3.59,283.31
2021,11,29,100.05,2.76,4.42,1.39,3.03,276.31,4.09,5.89,1.61,4.28,276.88
2021,11,30,99.3,4.3,7.45,2.1,5.34,230.62,6.65,10.98,3.19,7.79,230.94
2021,12,1,97.52,7.37,15.43,3.62,11.81,239.12,10.86,20.59,6.79,13.8,240.44
2021,12,2,98.67,3.08,4.47,0.16,4.31,245.94,5.06,7.58,0.27,7.31,255.56
2021,12,3,98.59,3.99,6.62,2.95,3.66,256.19,6.14,8.37,4.27,4.09,256.5
2021,12,4,98.5,3.95,5.53,2.56,2.97,287.62,6.2,8.3,4.55,3.76,288.5
2021,12,5,99.91,3.48,5.21,2.12,3.09,121.12,5.34,8.72,2.45,6.27,120.06
2021,12,6,100.07,3.24,4.22,2.46,1.75,288.75,4.97,6.52,3.48,3.03,259.75
2021,12,7,99.21,5.58,7.8,3.35,4.45,98.56,7.7,9.95,5.87,4.07,100.5
2021,12,8,99.15,8.6,10.58,5.68,4.91,322.81,11.4,13.27,9.3,3.97,264.62
2021,12,9,99.94,4.8,6.95,2.98,3.97,19.19,7.37,9.49,5.2,4.3,19.62
2021,12,10,99.72,2.16,3.33,0.77,2.55,121.19,3.17,5.13,1.02,4.11,119.31
2021,12,11,99.43,1.92,2.77,0.48,2.28,272.88,2.75,4.15,0.7,3.45,274.25
2021,12,12,98.67,3.69,6.02,1.31,4.7,252.12,5.85,9.41,1.84,7.58,252.81
2021,12,13,98.68,4.96,6.97,3.24,3.72,332.06,7.75,8.84,6.07,2.77,331.0
2021,12,14,99.25,1.44,3.1,0.33,2.77,148.81,2.07,5.46,0.26,5.2,162.5
2021,12,15,99.04,2.63,3.14,1.75,1.38,225.56,3.93,5.16,2.41,2.75,225.31
2021,12,16,99.01,2.58,4.39,1.23,3.16,249.81,4.11,8.09,1.45,6.64,249.75
2021,12,17,97.29,4.88,9.38,1.36,8.02,271.62,7.46,13.46,1.52,11.94,271.31
2021,12,18,98.53,5.15,8.12,2.16,5.96,319.88,7.64,11.42,3.33,8.1,319.06
2021,12,19,98.46,2.66,3.89,1.21,2.68,259.5,3.95,7.08,1.72,5.36,260.62
2021,12,20,98.77,2.34,3.19,1.35,1.83,261.5,3.32,4.32,1.74,2.59,261.88
2021,12,21,98.43,2.79,3.63,1.59,2.05,261.44,4.16,5.56,1.74,3.82,262.44
2021,12,22,98.61,4.59,6.19,3.41,2.77,280.06,7.01,8.34,5.45,2.9,294.06
2021,12,23,99.21,3.97,6.3,2.23,4.07,208.0,6.09,8.68,3.17,5.5,221.75
2021,12,24,98.84,2.37,3.23,1.65,1.59,248.94,3.59,5.78,2.21,3.56,250.44
2021,12,25,98.03,3.9,5.2,2.15,3.05,184.19,5.77,8.2,3.89,4.31,183.12
2021,12,26,98.45,4.39,6.82,2.77,4.05,315.19,6.82,8.51,5.12,3.38,313.56
2021,12,27,98.78,2.91,4.58,1.49,3.09,273.31,4.54,6.91,2.16,4.75,274.56
2021,12,28,99.26,3.55,5.34,1.96,3.38,225.81,5.61,7.21,2.95,4.26,269.12
2021,12,29,99.16,2.92,5.84,0.7,5.15,215.56,4.55,7.73,1.0,6.73,215.44
2021,12,30,97.97,4.6,8.26,1.88,6.38,255.31,7.17,10.78,3.12,7.66,256.44
2021,12,31,98.29,3.5,6.73,1.27,5.46,297.81,5.51,8.41,2.28,6.13,295.19